articleNumber,title,description,slug,date,tags,body
a,b,c,d,e,f,g
a,b,c,d,e,f,g
a,b,c,d,e,f,g
a,b,c,d,e,f,g
a,b,c,d,e,f,g
a,b,c,d,e,f,g
a,b,c,d,e,f,g
a,b,c,d,e,f,g
a,b,c,d,e,f,g
a,b,c,d,e,f,g
a,b,c,d,e,f,g
a,b,c,d,e,f,g
a,b,c,d,e,f,g
a,b,c,d,e,f,g
a,b,c,d,e,f,g
a,b,c,d,e,f,g
a,b,c,d,e,f,g
a,b,c,d,e,f,g
a,b,c,d,e,f,g
a,b,c,d,e,f,g
a,b,c,d,e,f,g
a,b,c,d,e,f,g
a,b,c,d,e,f,g
a,b,c,d,e,f,g
a,b,c,d,e,f,g
a,b,c,d,e,f,g
a,b,c,d,e,f,g
a,b,c,d,e,f,g
a,b,c,d,e,f,g
a,b,c,d,e,f,g
a,b,c,d,e,f,g
a,b,c,d,e,f,g
a,b,c,d,e,f,g
a,b,c,d,e,f,g
a,b,c,d,e,f,g
a,b,c,d,e,f,g
a,b,c,d,e,f,g
a,b,c,d,e,f,g
a,b,c,d,e,f,g
a,b,c,d,e,f,g
a,b,c,d,e,f,g
a,b,c,d,e,f,g
a,b,c,d,e,f,g
a,b,c,d,e,f,g
a,b,c,d,e,f,g
a,b,c,d,e,f,g
a,b,c,d,e,f,g
a,b,c,d,e,f,g
a,b,c,d,e,f,g
a,b,c,d,e,f,g
a,b,c,d,e,f,g
a,b,c,d,e,f,g
a,b,c,d,e,f,g
a,b,c,d,e,f,g
a,b,c,d,e,f,g
a,b,c,d,e,f,g
a,b,c,d,e,f,g
a,b,c,d,e,f,g
a,b,c,d,e,f,g
a,b,c,d,e,f,g
a,b,c,d,e,f,g
a,b,c,d,e,f,g
a,b,c,d,e,f,g
a,b,c,d,e,f,g
a,b,c,d,e,f,g
a,b,c,d,e,f,g
a,b,c,d,e,f,g
a,b,c,d,e,f,g
a,b,c,d,e,f,g
a,b,c,d,e,f,g
a,b,c,d,e,f,g
a,b,c,d,e,f,g
a,b,c,d,e,f,g
a,b,c,d,e,f,g
a,b,c,d,e,f,g
a,b,c,d,e,f,g
a,b,c,d,e,f,g
a,b,c,d,e,f,g
a,b,c,d,e,f,g
a,b,c,d,e,f,g
a,b,c,d,e,f,g
a,b,c,d,e,f,g
a,b,c,d,e,f,g
a,b,c,d,e,f,g
a,b,c,d,e,f,g
a,b,c,d,e,f,g
a,b,c,d,e,f,g
a,b,c,d,e,f,g
a,b,c,d,e,f,g
a,b,c,d,e,f,g
a,b,c,d,e,f,g
a,b,c,d,e,f,g
a,b,c,d,e,f,g
a,b,c,d,e,f,g
a,b,c,d,e,f,g
a,b,c,d,e,f,g
a,b,c,d,e,f,g
a,b,c,d,e,f,g
a,b,c,d,e,f,g
a,b,c,d,e,f,g
